{"cameraMode":{"drawMode":0,"name":"Shaded","section":"Shading Mode"},"sceneLighting":true,"audioPlay":false,"sceneViewState":{"m_AlwaysRefresh":false,"showFog":true,"showSkybox":true,"showFlares":true,"showImageEffects":true,"showParticleSystems":true,"showVisualEffectGraphs":true,"m_FxEnabled":true},"in2DMode":false,"pivot":{"x":-2.737194538116455,"y":13.940485000610352,"z":-22.577035903930665},"rotation":{"x":0.3299958109855652,"y":-0.10308712720870972,"z":0.036278579384088519,"w":0.9376596212387085},"size":10.024373054504395,"orthographic":false}