{"cameraMode":{"drawMode":0,"name":"Shaded","section":"Shading Mode"},"sceneLighting":false,"audioPlay":false,"sceneViewState":{"m_AlwaysRefresh":false,"showFog":true,"showSkybox":false,"showFlares":true,"showImageEffects":true,"showParticleSystems":true,"showVisualEffectGraphs":true,"m_FxEnabled":true},"in2DMode":false,"pivot":{"x":-0.9196943044662476,"y":1.3179066181182862,"z":-0.2739669382572174},"rotation":{"x":0.08634757250547409,"y":-0.8700502514839172,"z":0.16453096270561219,"w":0.4566088020801544},"size":2.6802315711975099,"orthographic":false}