{"cameraMode":{"drawMode":0,"name":"Shaded","section":"Shading Mode"},"sceneLighting":false,"audioPlay":false,"sceneViewState":{"m_AlwaysRefresh":false,"showFog":true,"showSkybox":false,"showFlares":true,"showImageEffects":true,"showParticleSystems":true,"showVisualEffectGraphs":true,"m_FxEnabled":true},"in2DMode":false,"pivot":{"x":-0.45377063751220705,"y":2.849837303161621,"z":-13.309999465942383},"rotation":{"x":0.30974382162094118,"y":0.5822581648826599,"z":-0.25499480962753298,"w":0.7071742415428162},"size":7.988945007324219,"orthographic":false}